model,term,estimate
Model1,accuracy,0.8945074106364429
Model1,specificity,0.7094017094017094
Model1,precision,0.9267241379310345
Model1,recall,0.9419496166484118
